變數,VIF,等級
人口淨流入,1.2074017523666711,低
CPI,1.832732112489586,低
年所得,1.3434238860250904,低
貸款利率,1.2865274562639772,低
失業率,1.9821525326194755,低
