模型,Adj_R2,AIC
lm_full,0.8992203456413392,4487.297232919378
lm_FE,0.9740476280917844,3542.448915823061
gls_AR1,NA,3787.2196626716745
