模型,Adj_R2,AIC
lm_full,0.8992203456413392,4487.297232919378
lm_FE,0.9739630119176719,3543.7848713961907
gls_AR1,NA,3816.0769124506764
