模型,Adj_R2,AIC
原模型,0.8992203456413392,4487.297232919378
優化模型,0.8268860397822769,4871.325605338468
